{"bids": [[111924.98, 0.09321217], [111923.72, 0.00021974], [111923.34, 8.935e-05], [111923.33, 0.10301239], [111923.1, 0.02320402], [111922.74, 0.00734236], [111920.83, 0.00178697], [111920.82, 0.02209805], [111919.85, 0.01895999], [111919.56, 0.02048137], [111919.39, 0.00089349], [111919.24, 0.09120502], [111919.06, 0.00446], [111917.85, 0.00893512], [111917.79, 0.00433786], [111916.25, 0.02681671], [111915.29, 0.08935329], [111914.72, 0.00446], [111914.1, 0.00597642], [111914.09, 0.088539], [111913.6, 0.606006], [111913.59, 1.0], [111913.46, 1e-05], [111912.12, 0.81456792], [111912.11, 0.5], [111911.99, 0.00888232], [111911.54, 0.1987], [111911.46, 0.0044665], [111911.38, 0.08935641], [111911.03, 0.00446747], [111910.34, 0.00099376], [111910.32, 0.08714949], [111909.91, 0.00038558], [111909.83, 0.02103408], [111909.52, 0.00196305], [111909.24, 0.00431341], [111908.08, 0.00042079], [111907.76, 0.04217884], [111907.04, 0.0034095], [111906.96, 0.08935994]], "asks": [[111924.99, 0.02937409], [111925.01, 0.01895912], [111925.25, 0.08934534], [111926.09, 0.00016027], [111926.52, 0.00171312], [111926.53, 0.17869747], [111927.06, 0.02026948], [111927.27, 0.08934373], [111927.79, 0.02304616], [111929.0, 0.4], [111930.0, 0.02227213], [111931.0, 0.4], [111931.35, 0.08934048], [111932.91, 0.17869747], [111933.77, 0.02681671], [111934.04, 0.00446652], [111934.22, 0.10731], [111934.23, 0.088569], [111934.59, 0.17869747], [111935.0, 0.4], [111936.19, 0.1987], [111936.54, 0.55480307], [111936.92, 0.00446], [111937.0, 0.4], [111938.14, 0.091123], [111939.32, 1e-05], [111939.95, 0.00119777], [111940.0, 1.4], [111940.55, 0.00089348], [111940.91, 0.00052297], [111940.97, 0.44586786], [111941.01, 0.03109056], [111941.35, 0.04234871], [111941.46, 0.00067139], [111941.51, 0.00446], [111941.54, 0.08824835], [111941.68, 0.00893302], [111942.0, 0.4], [111943.32, 0.04521996], [111944.23, 0.00835961]], "best_bid": 111924.98, "best_ask": 111924.99, "spread": 0.010000000009313226, "mid": 111924.985}